title,url,date,list_page
새글 육지 출력제어 실적 안내[2026년 3월 19일(목)],https://www.kpx.or.kr/board.es?mid=a10109050000&bid=0216&act=view&list_no=77148&tag=&nPage=1,2026-03-19,1
새글 육지 출력제어 전망[2026년 4월 11일(토)],https://www.kpx.or.kr/board.es?mid=a10109050000&bid=0216&act=view&list_no=77151&tag=&nPage=1,2026-04-11,1
새글 육지 출력제어 전망[2026년 4월 12일(일)],https://www.kpx.or.kr/board.es?mid=a10109050000&bid=0216&act=view&list_no=77152&tag=&nPage=1,2026-04-12,1
육지 출력제어 10월 실적 안내,https://www.kpx.or.kr/board.es?mid=a10109050000&bid=0216&act=view&list_no=73795&tag=&nPage=20,,20
육지 출력제어 11월 실적 안내,https://www.kpx.or.kr/board.es?mid=a10109050000&bid=0216&act=view&list_no=73932&tag=&nPage=19,,19
육지 출력제어 12월 실적 안내,https://www.kpx.or.kr/board.es?mid=a10109050000&bid=0216&act=view&list_no=74144&tag=&nPage=19,,19
육지 출력제어 2025년 2월 실적 안내,https://www.kpx.or.kr/board.es?mid=a10109050000&bid=0216&act=view&list_no=75549&tag=&nPage=8,,8
육지 출력제어 2025년 3월 실적 안내,https://www.kpx.or.kr/board.es?mid=a10109050000&bid=0216&act=view&list_no=75550&tag=&nPage=8,,8
육지 출력제어 2025년 4월 실적 안내,https://www.kpx.or.kr/board.es?mid=a10109050000&bid=0216&act=view&list_no=75551&tag=&nPage=8,,8
육지 출력제어 2025년 5월 실적 안내,https://www.kpx.or.kr/board.es?mid=a10109050000&bid=0216&act=view&list_no=75552&tag=&nPage=8,,8
육지 출력제어 2025년 6월 실적 안내,https://www.kpx.or.kr/board.es?mid=a10109050000&bid=0216&act=view&list_no=75553&tag=&nPage=7,,7
육지 출력제어 실적 안내 [2024년 11월 18일(월)],https://www.kpx.or.kr/board.es?mid=a10109050000&bid=0216&act=view&list_no=73820&tag=&nPage=20,2024-11-18,20
육지 출력제어 실적 안내 [2024년 11월 22일(금)-출력제어 없음],https://www.kpx.or.kr/board.es?mid=a10109050000&bid=0216&act=view&list_no=73846&tag=&nPage=19,2024-11-22,19
육지 출력제어 실적 안내 [2024년 11월 24일(일)-출력제어 없음],https://www.kpx.or.kr/board.es?mid=a10109050000&bid=0216&act=view&list_no=73849&tag=&nPage=19,2024-11-24,19
육지 출력제어 실적 안내 [2024년 11월 5일(화)],https://www.kpx.or.kr/board.es?mid=a10109050000&bid=0216&act=view&list_no=73761&tag=&nPage=20,2024-11-05,20
육지 출력제어 실적 안내 [2024년 11월 6일(수)],https://www.kpx.or.kr/board.es?mid=a10109050000&bid=0216&act=view&list_no=73762&tag=&nPage=20,2024-11-06,20
육지 출력제어 실적 안내 [2024년 12월 4일(수)],https://www.kpx.or.kr/board.es?mid=a10109050000&bid=0216&act=view&list_no=73909&tag=&nPage=19,2024-12-04,19
육지 출력제어 실적 안내 [2025년 1월 1일(수)-출력제어 없음],https://www.kpx.or.kr/board.es?mid=a10109050000&bid=0216&act=view&list_no=74093&tag=&nPage=19,2025-01-01,19
육지 출력제어 실적 안내 [2025년 2월 14일(금)],https://www.kpx.or.kr/board.es?mid=a10109050000&bid=0216&act=view&list_no=74335&tag=&nPage=18,2025-02-14,18
육지 출력제어 실적 안내 [2025년 2월 17일(월)-출력제어 없음],https://www.kpx.or.kr/board.es?mid=a10109050000&bid=0216&act=view&list_no=74342&tag=&nPage=18,2025-02-17,18
육지 출력제어 실적 안내[2025년 10월 11일(토)],https://www.kpx.or.kr/board.es?mid=a10109050000&bid=0216&act=view&list_no=76140&tag=&nPage=5,2025-10-11,5
육지 출력제어 실적 안내[2025년 10월 12일(일)],https://www.kpx.or.kr/board.es?mid=a10109050000&bid=0216&act=view&list_no=76141&tag=&nPage=5,2025-10-12,5
육지 출력제어 실적 안내[2025년 10월 18일(토)],https://www.kpx.or.kr/board.es?mid=a10109050000&bid=0216&act=view&list_no=76142&tag=&nPage=5,2025-10-18,5
육지 출력제어 실적 안내[2025년 10월 19일(일)],https://www.kpx.or.kr/board.es?mid=a10109050000&bid=0216&act=view&list_no=76143&tag=&nPage=5,2025-10-19,5
육지 출력제어 실적 안내[2025년 10월 20일(월)],https://www.kpx.or.kr/board.es?mid=a10109050000&bid=0216&act=view&list_no=76144&tag=&nPage=4,2025-10-20,4
육지 출력제어 실적 안내[2025년 10월 25일(토)],https://www.kpx.or.kr/board.es?mid=a10109050000&bid=0216&act=view&list_no=76274&tag=&nPage=4,2025-10-25,4
육지 출력제어 실적 안내[2025년 10월 26일(일)],https://www.kpx.or.kr/board.es?mid=a10109050000&bid=0216&act=view&list_no=76275&tag=&nPage=4,2025-10-26,4
육지 출력제어 실적 안내[2025년 10월 3일(금)],https://www.kpx.or.kr/board.es?mid=a10109050000&bid=0216&act=view&list_no=76133&tag=&nPage=6,2025-10-03,6
육지 출력제어 실적 안내[2025년 10월 4일(토)],https://www.kpx.or.kr/board.es?mid=a10109050000&bid=0216&act=view&list_no=76134&tag=&nPage=5,2025-10-04,5
육지 출력제어 실적 안내[2025년 10월 5일(일)],https://www.kpx.or.kr/board.es?mid=a10109050000&bid=0216&act=view&list_no=76135&tag=&nPage=5,2025-10-05,5
육지 출력제어 실적 안내[2025년 10월 6일(월)],https://www.kpx.or.kr/board.es?mid=a10109050000&bid=0216&act=view&list_no=76136&tag=&nPage=5,2025-10-06,5
육지 출력제어 실적 안내[2025년 10월 7일(화)],https://www.kpx.or.kr/board.es?mid=a10109050000&bid=0216&act=view&list_no=76137&tag=&nPage=5,2025-10-07,5
육지 출력제어 실적 안내[2025년 10월 8일(수)],https://www.kpx.or.kr/board.es?mid=a10109050000&bid=0216&act=view&list_no=76138&tag=&nPage=5,2025-10-08,5
육지 출력제어 실적 안내[2025년 10월 9일(목)],https://www.kpx.or.kr/board.es?mid=a10109050000&bid=0216&act=view&list_no=76139&tag=&nPage=5,2025-10-09,5
육지 출력제어 실적 안내[2025년 11월 01일(토)],https://www.kpx.or.kr/board.es?mid=a10109050000&bid=0216&act=view&list_no=76276&tag=&nPage=4,2025-11-01,4
육지 출력제어 실적 안내[2025년 11월 02일(일)],https://www.kpx.or.kr/board.es?mid=a10109050000&bid=0216&act=view&list_no=76277&tag=&nPage=4,2025-11-02,4
육지 출력제어 실적 안내[2025년 11월 08일(토)],https://www.kpx.or.kr/board.es?mid=a10109050000&bid=0216&act=view&list_no=76278&tag=&nPage=4,2025-11-08,4
육지 출력제어 실적 안내[2025년 11월 09일(일)],https://www.kpx.or.kr/board.es?mid=a10109050000&bid=0216&act=view&list_no=76279&tag=&nPage=4,2025-11-09,4
육지 출력제어 실적 안내[2025년 11월 15일(토)],https://www.kpx.or.kr/board.es?mid=a10109050000&bid=0216&act=view&list_no=76298&tag=&nPage=4,2025-11-15,4
육지 출력제어 실적 안내[2025년 11월 16일(일)],https://www.kpx.or.kr/board.es?mid=a10109050000&bid=0216&act=view&list_no=76299&tag=&nPage=4,2025-11-16,4
육지 출력제어 실적 안내[2025년 2월 14일(금)],https://www.kpx.or.kr/board.es?mid=a10109050000&bid=0216&act=view&list_no=74735&tag=&nPage=15,2025-02-14,15
육지 출력제어 실적 안내[2025년 2월 18일(화)],https://www.kpx.or.kr/board.es?mid=a10109050000&bid=0216&act=view&list_no=74736&tag=&nPage=15,2025-02-18,15
육지 출력제어 실적 안내[2025년 2월 19일(수)],https://www.kpx.or.kr/board.es?mid=a10109050000&bid=0216&act=view&list_no=74737&tag=&nPage=14,2025-02-19,14
육지 출력제어 실적 안내[2025년 2월 20일(목)],https://www.kpx.or.kr/board.es?mid=a10109050000&bid=0216&act=view&list_no=74738&tag=&nPage=14,2025-02-20,14
육지 출력제어 실적 안내[2025년 2월 21일(금)],https://www.kpx.or.kr/board.es?mid=a10109050000&bid=0216&act=view&list_no=74739&tag=&nPage=14,2025-02-21,14
육지 출력제어 실적 안내[2025년 2월 22일(토)],https://www.kpx.or.kr/board.es?mid=a10109050000&bid=0216&act=view&list_no=74740&tag=&nPage=14,2025-02-22,14
육지 출력제어 실적 안내[2025년 2월 23일(일)],https://www.kpx.or.kr/board.es?mid=a10109050000&bid=0216&act=view&list_no=74741&tag=&nPage=14,2025-02-23,14
육지 출력제어 실적 안내[2025년 2월 24일(월)],https://www.kpx.or.kr/board.es?mid=a10109050000&bid=0216&act=view&list_no=74742&tag=&nPage=14,2025-02-24,14
육지 출력제어 실적 안내[2025년 2월 26일(수)],https://www.kpx.or.kr/board.es?mid=a10109050000&bid=0216&act=view&list_no=74743&tag=&nPage=14,2025-02-26,14
육지 출력제어 실적 안내[2025년 3월 11일(화)],https://www.kpx.or.kr/board.es?mid=a10109050000&bid=0216&act=view&list_no=74745&tag=&nPage=14,2025-03-11,14
육지 출력제어 실적 안내[2025년 3월 14일(금)],https://www.kpx.or.kr/board.es?mid=a10109050000&bid=0216&act=view&list_no=74746&tag=&nPage=14,2025-03-14,14
육지 출력제어 실적 안내[2025년 3월 19일(수)],https://www.kpx.or.kr/board.es?mid=a10109050000&bid=0216&act=view&list_no=74747&tag=&nPage=13,2025-03-19,13
육지 출력제어 실적 안내[2025년 3월 22일(토)],https://www.kpx.or.kr/board.es?mid=a10109050000&bid=0216&act=view&list_no=74748&tag=&nPage=13,2025-03-22,13
육지 출력제어 실적 안내[2025년 3월 23일(일)],https://www.kpx.or.kr/board.es?mid=a10109050000&bid=0216&act=view&list_no=74749&tag=&nPage=13,2025-03-23,13
육지 출력제어 실적 안내[2025년 3월 26일(수)],https://www.kpx.or.kr/board.es?mid=a10109050000&bid=0216&act=view&list_no=74785&tag=&nPage=13,2025-03-26,13
육지 출력제어 실적 안내[2025년 3월 28일(금)],https://www.kpx.or.kr/board.es?mid=a10109050000&bid=0216&act=view&list_no=74786&tag=&nPage=13,2025-03-28,13
육지 출력제어 실적 안내[2025년 3월 29일(토)],https://www.kpx.or.kr/board.es?mid=a10109050000&bid=0216&act=view&list_no=74823&tag=&nPage=13,2025-03-29,13
육지 출력제어 실적 안내[2025년 3월 30일(일)],https://www.kpx.or.kr/board.es?mid=a10109050000&bid=0216&act=view&list_no=74824&tag=&nPage=12,2025-03-30,12
육지 출력제어 실적 안내[2025년 3월 9일(일)],https://www.kpx.or.kr/board.es?mid=a10109050000&bid=0216&act=view&list_no=74744&tag=&nPage=14,2025-03-09,14
육지 출력제어 실적 안내[2025년 4월 13일(일)],https://www.kpx.or.kr/board.es?mid=a10109050000&bid=0216&act=view&list_no=74910&tag=&nPage=11,2025-04-13,11
육지 출력제어 실적 안내[2025년 4월 1일(화)],https://www.kpx.or.kr/board.es?mid=a10109050000&bid=0216&act=view&list_no=74877&tag=&nPage=12,2025-04-01,12
육지 출력제어 실적 안내[2025년 4월 20일(일)],https://www.kpx.or.kr/board.es?mid=a10109050000&bid=0216&act=view&list_no=75030&tag=&nPage=11,2025-04-20,11
육지 출력제어 실적 안내[2025년 4월 25일(금)],https://www.kpx.or.kr/board.es?mid=a10109050000&bid=0216&act=view&list_no=75031&tag=&nPage=10,2025-04-25,10
육지 출력제어 실적 안내[2025년 4월 26일(토)],https://www.kpx.or.kr/board.es?mid=a10109050000&bid=0216&act=view&list_no=75032&tag=&nPage=10,2025-04-26,10
육지 출력제어 실적 안내[2025년 4월 27일(일)],https://www.kpx.or.kr/board.es?mid=a10109050000&bid=0216&act=view&list_no=75033&tag=&nPage=10,2025-04-27,10
육지 출력제어 실적 안내[2025년 4월 28일(월)],https://www.kpx.or.kr/board.es?mid=a10109050000&bid=0216&act=view&list_no=75034&tag=&nPage=10,2025-04-28,10
육지 출력제어 실적 안내[2025년 4월 29일(화)],https://www.kpx.or.kr/board.es?mid=a10109050000&bid=0216&act=view&list_no=75035&tag=&nPage=10,2025-04-29,10
육지 출력제어 실적 안내[2025년 4월 2일(수)],https://www.kpx.or.kr/board.es?mid=a10109050000&bid=0216&act=view&list_no=74878&tag=&nPage=12,2025-04-02,12
육지 출력제어 실적 안내[2025년 4월 4일(금)],https://www.kpx.or.kr/board.es?mid=a10109050000&bid=0216&act=view&list_no=74879&tag=&nPage=12,2025-04-04,12
육지 출력제어 실적 안내[2025년 4월 6일(일)],https://www.kpx.or.kr/board.es?mid=a10109050000&bid=0216&act=view&list_no=74880&tag=&nPage=12,2025-04-06,12
육지 출력제어 실적 안내[2025년 4월 7일(월)],https://www.kpx.or.kr/board.es?mid=a10109050000&bid=0216&act=view&list_no=74881&tag=&nPage=12,2025-04-07,12
육지 출력제어 실적 안내[2025년 4월 8일(화)],https://www.kpx.or.kr/board.es?mid=a10109050000&bid=0216&act=view&list_no=74882&tag=&nPage=12,2025-04-08,12
육지 출력제어 실적 안내[2025년 5월 11일(일)],https://www.kpx.or.kr/board.es?mid=a10109050000&bid=0216&act=view&list_no=75310&tag=&nPage=9,2025-05-11,9
육지 출력제어 실적 안내[2025년 5월 12일(월)],https://www.kpx.or.kr/board.es?mid=a10109050000&bid=0216&act=view&list_no=75311&tag=&nPage=9,2025-05-12,9
육지 출력제어 실적 안내[2025년 5월 18일(일)],https://www.kpx.or.kr/board.es?mid=a10109050000&bid=0216&act=view&list_no=75312&tag=&nPage=9,2025-05-18,9
육지 출력제어 실적 안내[2025년 5월 24일(토)],https://www.kpx.or.kr/board.es?mid=a10109050000&bid=0216&act=view&list_no=75711&tag=&nPage=7,2025-05-24,7
육지 출력제어 실적 안내[2025년 5월 25일(일)],https://www.kpx.or.kr/board.es?mid=a10109050000&bid=0216&act=view&list_no=75313&tag=&nPage=8,2025-05-25,8
육지 출력제어 실적 안내[2025년 5월 2일(금)],https://www.kpx.or.kr/board.es?mid=a10109050000&bid=0216&act=view&list_no=75306&tag=&nPage=9,2025-05-02,9
육지 출력제어 실적 안내[2025년 5월 31일(토)],https://www.kpx.or.kr/board.es?mid=a10109050000&bid=0216&act=view&list_no=75712&tag=&nPage=7,2025-05-31,7
육지 출력제어 실적 안내[2025년 5월 4일(일)],https://www.kpx.or.kr/board.es?mid=a10109050000&bid=0216&act=view&list_no=75307&tag=&nPage=9,2025-05-04,9
육지 출력제어 실적 안내[2025년 5월 7일(수)],https://www.kpx.or.kr/board.es?mid=a10109050000&bid=0216&act=view&list_no=75308&tag=&nPage=9,2025-05-07,9
육지 출력제어 실적 안내[2025년 5월 8일(목)],https://www.kpx.or.kr/board.es?mid=a10109050000&bid=0216&act=view&list_no=75309&tag=&nPage=9,2025-05-08,9
육지 출력제어 실적 안내[2025년 6월 11일(수)],https://www.kpx.or.kr/board.es?mid=a10109050000&bid=0216&act=view&list_no=75545&tag=&nPage=8,2025-06-11,8
육지 출력제어 실적 안내[2025년 6월 14일(토)],https://www.kpx.or.kr/board.es?mid=a10109050000&bid=0216&act=view&list_no=75716&tag=&nPage=7,2025-06-14,7
육지 출력제어 실적 안내[2025년 6월 15일(일)],https://www.kpx.or.kr/board.es?mid=a10109050000&bid=0216&act=view&list_no=75717&tag=&nPage=7,2025-06-15,7
육지 출력제어 실적 안내[2025년 6월 1일(일)],https://www.kpx.or.kr/board.es?mid=a10109050000&bid=0216&act=view&list_no=75349&tag=&nPage=8,2025-06-01,8
육지 출력제어 실적 안내[2025년 6월 21일(토)],https://www.kpx.or.kr/board.es?mid=a10109050000&bid=0216&act=view&list_no=75718&tag=&nPage=7,2025-06-21,7
육지 출력제어 실적 안내[2025년 6월 22일(일)],https://www.kpx.or.kr/board.es?mid=a10109050000&bid=0216&act=view&list_no=75719&tag=&nPage=7,2025-06-22,7
육지 출력제어 실적 안내[2025년 6월 28일(토)],https://www.kpx.or.kr/board.es?mid=a10109050000&bid=0216&act=view&list_no=75720&tag=&nPage=6,2025-06-28,6
육지 출력제어 실적 안내[2025년 6월 29일(일)],https://www.kpx.or.kr/board.es?mid=a10109050000&bid=0216&act=view&list_no=75721&tag=&nPage=6,2025-06-29,6
육지 출력제어 실적 안내[2025년 6월 3일(화)],https://www.kpx.or.kr/board.es?mid=a10109050000&bid=0216&act=view&list_no=75350&tag=&nPage=8,2025-06-03,8
육지 출력제어 실적 안내[2025년 6월 4일(수)],https://www.kpx.or.kr/board.es?mid=a10109050000&bid=0216&act=view&list_no=75351&tag=&nPage=8,2025-06-04,8
육지 출력제어 실적 안내[2025년 6월 5일(목)],https://www.kpx.or.kr/board.es?mid=a10109050000&bid=0216&act=view&list_no=75352&tag=&nPage=8,2025-06-05,8
육지 출력제어 실적 안내[2025년 6월 6일(금)],https://www.kpx.or.kr/board.es?mid=a10109050000&bid=0216&act=view&list_no=75713&tag=&nPage=7,2025-06-06,7
육지 출력제어 실적 안내[2025년 6월 7일(토)],https://www.kpx.or.kr/board.es?mid=a10109050000&bid=0216&act=view&list_no=75714&tag=&nPage=7,2025-06-07,7
육지 출력제어 실적 안내[2025년 6월 8일(일)],https://www.kpx.or.kr/board.es?mid=a10109050000&bid=0216&act=view&list_no=75715&tag=&nPage=7,2025-06-08,7
육지 출력제어 실적 안내[2025년 7월 5일(토)],https://www.kpx.or.kr/board.es?mid=a10109050000&bid=0216&act=view&list_no=75722&tag=&nPage=6,2025-07-05,6
육지 출력제어 실적 안내[2025년 7월 6일(일)],https://www.kpx.or.kr/board.es?mid=a10109050000&bid=0216&act=view&list_no=75723&tag=&nPage=6,2025-07-06,6
육지 출력제어 실적 안내[2025년 9월 20일(토)],https://www.kpx.or.kr/board.es?mid=a10109050000&bid=0216&act=view&list_no=76075&tag=&nPage=6,2025-09-20,6
육지 출력제어 실적 안내[2025년 9월 21일(일)],https://www.kpx.or.kr/board.es?mid=a10109050000&bid=0216&act=view&list_no=76076&tag=&nPage=6,2025-09-21,6
육지 출력제어 실적 안내[2025년 9월 23일(화)],https://www.kpx.or.kr/board.es?mid=a10109050000&bid=0216&act=view&list_no=76077&tag=&nPage=6,2025-09-23,6
육지 출력제어 실적 안내[2025년 9월 27일(토)],https://www.kpx.or.kr/board.es?mid=a10109050000&bid=0216&act=view&list_no=76078&tag=&nPage=6,2025-09-27,6
육지 출력제어 실적 안내[2025년 9월 28일(일)],https://www.kpx.or.kr/board.es?mid=a10109050000&bid=0216&act=view&list_no=76079&tag=&nPage=6,2025-09-28,6
육지 출력제어 실적 안내[2026년 1월 27일(화)],https://www.kpx.or.kr/board.es?mid=a10109050000&bid=0216&act=view&list_no=76769&tag=&nPage=4,2026-01-27,4
육지 출력제어 실적 안내[2026년 1월 28일(수)],https://www.kpx.or.kr/board.es?mid=a10109050000&bid=0216&act=view&list_no=76770&tag=&nPage=3,2026-01-28,3
육지 출력제어 실적 안내[2026년 2월 17일(화)],https://www.kpx.or.kr/board.es?mid=a10109050000&bid=0216&act=view&list_no=76946&tag=&nPage=3,2026-02-17,3
육지 출력제어 실적 안내[2026년 2월 18일(수)],https://www.kpx.or.kr/board.es?mid=a10109050000&bid=0216&act=view&list_no=76947&tag=&nPage=3,2026-02-18,3
육지 출력제어 실적 안내[2026년 2월 19일(목)],https://www.kpx.or.kr/board.es?mid=a10109050000&bid=0216&act=view&list_no=76948&tag=&nPage=3,2026-02-19,3
육지 출력제어 실적 안내[2026년 2월 21일(토)],https://www.kpx.or.kr/board.es?mid=a10109050000&bid=0216&act=view&list_no=76949&tag=&nPage=3,2026-02-21,3
육지 출력제어 실적 안내[2026년 2월 23일(월)],https://www.kpx.or.kr/board.es?mid=a10109050000&bid=0216&act=view&list_no=76950&tag=&nPage=3,2026-02-23,3
육지 출력제어 실적 안내[2026년 2월 28일(토)],https://www.kpx.or.kr/board.es?mid=a10109050000&bid=0216&act=view&list_no=77017&tag=&nPage=2,2026-02-28,2
육지 출력제어 실적 안내[2026년 2월 6일(금)],https://www.kpx.or.kr/board.es?mid=a10109050000&bid=0216&act=view&list_no=76879&tag=&nPage=3,2026-02-06,3
육지 출력제어 실적 안내[2026년 3월 12일(목)],https://www.kpx.or.kr/board.es?mid=a10109050000&bid=0216&act=view&list_no=77094&tag=&nPage=1,2026-03-12,1
육지 출력제어 실적 안내[2026년 3월 13일(금)],https://www.kpx.or.kr/board.es?mid=a10109050000&bid=0216&act=view&list_no=77095&tag=&nPage=1,2026-03-13,1
육지 출력제어 실적 안내[2026년 3월 14일(토)],https://www.kpx.or.kr/board.es?mid=a10109050000&bid=0216&act=view&list_no=77096&tag=&nPage=1,2026-03-14,1
육지 출력제어 실적 안내[2026년 3월 15일(일)],https://www.kpx.or.kr/board.es?mid=a10109050000&bid=0216&act=view&list_no=77097&tag=&nPage=1,2026-03-15,1
육지 출력제어 실적 안내[2026년 3월 1일(일)],https://www.kpx.or.kr/board.es?mid=a10109050000&bid=0216&act=view&list_no=77018&tag=&nPage=2,2026-03-01,2
육지 출력제어 실적 안내[2026년 3월 2일(월)],https://www.kpx.or.kr/board.es?mid=a10109050000&bid=0216&act=view&list_no=77019&tag=&nPage=2,2026-03-02,2
육지 출력제어 실적 안내[2026년 3월 4일(수)],https://www.kpx.or.kr/board.es?mid=a10109050000&bid=0216&act=view&list_no=77020&tag=&nPage=2,2026-03-04,2
육지 출력제어 실적 안내[2026년 3월 7일(토)],https://www.kpx.or.kr/board.es?mid=a10109050000&bid=0216&act=view&list_no=77061&tag=&nPage=2,2026-03-07,2
육지 출력제어 실적 안내[2026년 3월 8일(일)],https://www.kpx.or.kr/board.es?mid=a10109050000&bid=0216&act=view&list_no=77062&tag=&nPage=2,2026-03-08,2
육지 출력제어 전망 [2026년 4월 7일(화)],https://www.kpx.or.kr/board.es?mid=a10109050000&bid=0216&act=view&list_no=77138&tag=&nPage=1,2026-04-07,1
육지 출력제어 전망 안내 [2024년 11월 22일(금)],https://www.kpx.or.kr/board.es?mid=a10109050000&bid=0216&act=view&list_no=73834&tag=&nPage=20,2024-11-22,20
육지 출력제어 전망 안내 [2024년 11월 24일(일)],https://www.kpx.or.kr/board.es?mid=a10109050000&bid=0216&act=view&list_no=73847&tag=&nPage=19,2024-11-24,19
육지 출력제어 전망 안내 [2025년 1월 1일(수)],https://www.kpx.or.kr/board.es?mid=a10109050000&bid=0216&act=view&list_no=74036&tag=&nPage=19,2025-01-01,19
육지 출력제어 전망 안내 [2025년 2월 18일(화)],https://www.kpx.or.kr/board.es?mid=a10109050000&bid=0216&act=view&list_no=74334&tag=&nPage=18,2025-02-18,18
육지 출력제어 전망 안내 [2025년 2월 19일(수)],https://www.kpx.or.kr/board.es?mid=a10109050000&bid=0216&act=view&list_no=74343&tag=&nPage=18,2025-02-19,18
육지 출력제어 전망 안내 [2025년 2월 20일(목)],https://www.kpx.or.kr/board.es?mid=a10109050000&bid=0216&act=view&list_no=74359&tag=&nPage=18,2025-02-20,18
육지 출력제어 전망 안내 [2026년 2월 17(화)],https://www.kpx.or.kr/board.es?mid=a10109050000&bid=0216&act=view&list_no=76822&tag=&nPage=3,,3
육지 출력제어 전망 안내 [2026년 2월 18(수)],https://www.kpx.or.kr/board.es?mid=a10109050000&bid=0216&act=view&list_no=76823&tag=&nPage=3,,3
육지 출력제어 전망 안내 [2026년 3월 23일(월)],https://www.kpx.or.kr/board.es?mid=a10109050000&bid=0216&act=view&list_no=77016&tag=&nPage=2,2026-03-23,2
육지 출력제어 전망 안내 [2026년 3월 7일(토)],https://www.kpx.or.kr/board.es?mid=a10109050000&bid=0216&act=view&list_no=76941&tag=&nPage=3,2026-03-07,3
육지 출력제어 전망 안내[2025년 2월 14일(금)],https://www.kpx.or.kr/board.es?mid=a10109050000&bid=0216&act=view&list_no=74314&tag=&nPage=18,2025-02-14,18
육지 출력제어 전망 안내[2025년 2월 17일(월)],https://www.kpx.or.kr/board.es?mid=a10109050000&bid=0216&act=view&list_no=74322&tag=&nPage=18,2025-02-17,18
육지 출력제어 전망 안내[2025년 2월 22일(토)],https://www.kpx.or.kr/board.es?mid=a10109050000&bid=0216&act=view&list_no=74378&tag=&nPage=17,2025-02-22,17
육지 출력제어 전망 안내[2025년 2월 24일(월)],https://www.kpx.or.kr/board.es?mid=a10109050000&bid=0216&act=view&list_no=74381&tag=&nPage=17,2025-02-24,17
육지 출력제어 전망 안내[2025년 2월 26일(수)],https://www.kpx.or.kr/board.es?mid=a10109050000&bid=0216&act=view&list_no=74427&tag=&nPage=17,2025-02-26,17
육지 출력제어 전망 안내[2025년 3월 14일(금)],https://www.kpx.or.kr/board.es?mid=a10109050000&bid=0216&act=view&list_no=74623&tag=&nPage=16,2025-03-14,16
육지 출력제어 전망 안내[2025년 3월 19일(수)],https://www.kpx.or.kr/board.es?mid=a10109050000&bid=0216&act=view&list_no=74621&tag=&nPage=16,2025-03-19,16
육지 출력제어 전망 안내[2025년 3월 22일(토)],https://www.kpx.or.kr/board.es?mid=a10109050000&bid=0216&act=view&list_no=74648&tag=&nPage=16,2025-03-22,16
육지 출력제어 전망 안내[2025년 3월 23일(일)],https://www.kpx.or.kr/board.es?mid=a10109050000&bid=0216&act=view&list_no=74652&tag=&nPage=16,2025-03-23,16
육지 출력제어 전망 안내[2025년 3월 26일(수)],https://www.kpx.or.kr/board.es?mid=a10109050000&bid=0216&act=view&list_no=74706&tag=&nPage=15,2025-03-26,15
육지 출력제어 전망 안내[2025년 3월 26일(수)],https://www.kpx.or.kr/board.es?mid=a10109050000&bid=0216&act=view&list_no=74670&tag=&nPage=15,2025-03-26,15
육지 출력제어 전망 안내[2025년 3월 28일(금)],https://www.kpx.or.kr/board.es?mid=a10109050000&bid=0216&act=view&list_no=74707&tag=&nPage=15,2025-03-28,15
육지 출력제어 전망 안내[2025년 3월 29일(토)],https://www.kpx.or.kr/board.es?mid=a10109050000&bid=0216&act=view&list_no=74710&tag=&nPage=15,2025-03-29,15
육지 출력제어 전망 안내[2025년 3월 30일(일)],https://www.kpx.or.kr/board.es?mid=a10109050000&bid=0216&act=view&list_no=74711&tag=&nPage=15,2025-03-30,15
육지 출력제어 전망 안내[2025년 3월 9일(일)],https://www.kpx.or.kr/board.es?mid=a10109050000&bid=0216&act=view&list_no=74578&tag=&nPage=17,2025-03-09,17
육지 출력제어 전망 안내[2025년 4월 13일(일)],https://www.kpx.or.kr/board.es?mid=a10109050000&bid=0216&act=view&list_no=74859&tag=&nPage=12,2025-04-13,12
육지 출력제어 전망 안내[2025년 4월 20일(일)],https://www.kpx.or.kr/board.es?mid=a10109050000&bid=0216&act=view&list_no=74925&tag=&nPage=11,2025-04-20,11
육지 출력제어 전망 안내[2025년 4월 26일(토)],https://www.kpx.or.kr/board.es?mid=a10109050000&bid=0216&act=view&list_no=74966&tag=&nPage=11,2025-04-26,11
육지 출력제어 전망 안내[2025년 4월 27일(일)],https://www.kpx.or.kr/board.es?mid=a10109050000&bid=0216&act=view&list_no=74968&tag=&nPage=11,2025-04-27,11
육지 출력제어 전망 안내[2025년 4월 28일(월)],https://www.kpx.or.kr/board.es?mid=a10109050000&bid=0216&act=view&list_no=74988&tag=&nPage=11,2025-04-28,11
육지 출력제어 전망 안내[2025년 4월 29일(화)],https://www.kpx.or.kr/board.es?mid=a10109050000&bid=0216&act=view&list_no=74989&tag=&nPage=11,2025-04-29,11
육지 출력제어 전망 안내[2025년 4월 4일(금)],https://www.kpx.or.kr/board.es?mid=a10109050000&bid=0216&act=view&list_no=74791&tag=&nPage=13,2025-04-04,13
육지 출력제어 전망 안내[2025년 4월 6일(일)],https://www.kpx.or.kr/board.es?mid=a10109050000&bid=0216&act=view&list_no=74801&tag=&nPage=13,2025-04-06,13
육지 출력제어 전망 안내[2025년 4월 7일(월)],https://www.kpx.or.kr/board.es?mid=a10109050000&bid=0216&act=view&list_no=74803&tag=&nPage=13,2025-04-07,13
육지 출력제어 전망 안내[2025년 4월 8일(화)],https://www.kpx.or.kr/board.es?mid=a10109050000&bid=0216&act=view&list_no=74817&tag=&nPage=13,2025-04-08,13
육지 출력제어 전망 안내[2025년 5월 11일(일)],https://www.kpx.or.kr/board.es?mid=a10109050000&bid=0216&act=view&list_no=75087&tag=&nPage=10,2025-05-11,10
육지 출력제어 전망 안내[2025년 5월 12일(월)],https://www.kpx.or.kr/board.es?mid=a10109050000&bid=0216&act=view&list_no=75088&tag=&nPage=10,2025-05-12,10
육지 출력제어 전망 안내[2025년 5월 18일(일)],https://www.kpx.or.kr/board.es?mid=a10109050000&bid=0216&act=view&list_no=75128&tag=&nPage=10,2025-05-18,10
육지 출력제어 전망 안내[2025년 5월 25일(일)],https://www.kpx.or.kr/board.es?mid=a10109050000&bid=0216&act=view&list_no=75189&tag=&nPage=9,2025-05-25,9
육지 출력제어 전망 안내[2025년 5월 4일(일)],https://www.kpx.or.kr/board.es?mid=a10109050000&bid=0216&act=view&list_no=75028&tag=&nPage=11,2025-05-04,11
육지 출력제어 전망 안내[2025년 5월 7일(수)],https://www.kpx.or.kr/board.es?mid=a10109050000&bid=0216&act=view&list_no=75038&tag=&nPage=10,2025-05-07,10
육지 출력제어 전망 안내[2025년 6월 1일(일)],https://www.kpx.or.kr/board.es?mid=a10109050000&bid=0216&act=view&list_no=75247&tag=&nPage=9,2025-06-01,9
육지 출력제어 전망 안내[2025년 6월 8일(일)],https://www.kpx.or.kr/board.es?mid=a10109050000&bid=0216&act=view&list_no=75280&tag=&nPage=9,2025-06-08,9
육지 출력제어 전망 안내[2026년 3월 21일(토)],https://www.kpx.or.kr/board.es?mid=a10109050000&bid=0216&act=view&list_no=76995&tag=&nPage=2,2026-03-21,2
육지 출력제어 전망 안내[2026년 3월 28일(토)],https://www.kpx.or.kr/board.es?mid=a10109050000&bid=0216&act=view&list_no=77055&tag=&nPage=2,2026-03-28,2
육지 출력제어 전망 안내[2026년 3월 29일(일)],https://www.kpx.or.kr/board.es?mid=a10109050000&bid=0216&act=view&list_no=77056&tag=&nPage=2,2026-03-29,2
육지 출력제어 전망[2026년 4월 2일(목)],https://www.kpx.or.kr/board.es?mid=a10109050000&bid=0216&act=view&list_no=77136&tag=&nPage=1,2026-04-02,1
육지 출력제어 전망[2026년 4월 8일(수)],https://www.kpx.or.kr/board.es?mid=a10109050000&bid=0216&act=view&list_no=77139&tag=&nPage=1,2026-04-08,1
제주 출력제어 10월 실적 안내,https://www.kpx.or.kr/board.es?mid=a10109050000&bid=0216&act=view&list_no=73800&tag=&nPage=20,,20
제주 출력제어 11월 실적 안내,https://www.kpx.or.kr/board.es?mid=a10109050000&bid=0216&act=view&list_no=73933&tag=&nPage=19,,19
제주 출력제어 12월 실적 안내,https://www.kpx.or.kr/board.es?mid=a10109050000&bid=0216&act=view&list_no=74145&tag=&nPage=19,,19
제주 출력제어 사전공지 시간변경 알림,https://www.kpx.or.kr/board.es?mid=a10109050000&bid=0216&act=view&list_no=74933&tag=&nPage=11,,11
제주 출력제어 실적 안내 [2024년 11월 17일(일)-출력제어 없음],https://www.kpx.or.kr/board.es?mid=a10109050000&bid=0216&act=view&list_no=73811&tag=&nPage=20,2024-11-17,20
제주 출력제어 실적 안내 [2024년 11월 5일(화)-출력제어 없음],https://www.kpx.or.kr/board.es?mid=a10109050000&bid=0216&act=view&list_no=73750&tag=&nPage=20,2024-11-05,20
제주 출력제어 실적 안내 [2024년 11월 6일(수)-출력제어 없음],https://www.kpx.or.kr/board.es?mid=a10109050000&bid=0216&act=view&list_no=73759&tag=&nPage=20,2024-11-06,20
제주 출력제어 실적 안내 [2025년 2월 18일(화)-출력제어 없음],https://www.kpx.or.kr/board.es?mid=a10109050000&bid=0216&act=view&list_no=74344&tag=&nPage=18,2025-02-18,18
제주 출력제어 실적 안내 [2025년 2월 19일(수)-출력제어 없음],https://www.kpx.or.kr/board.es?mid=a10109050000&bid=0216&act=view&list_no=74361&tag=&nPage=17,2025-02-19,17
제주 출력제어 실적 안내 [2025년 2월 26일(수)-출력제어 없음],https://www.kpx.or.kr/board.es?mid=a10109050000&bid=0216&act=view&list_no=74527&tag=&nPage=17,2025-02-26,17
제주 출력제어 실적 안내 [2025년 3월 21일(금)-출력제어 없음],https://www.kpx.or.kr/board.es?mid=a10109050000&bid=0216&act=view&list_no=74651&tag=&nPage=16,2025-03-21,16
제주 출력제어 실적 안내 [2025년 3월 22일(토)-출력제어 없음],https://www.kpx.or.kr/board.es?mid=a10109050000&bid=0216&act=view&list_no=74654&tag=&nPage=16,2025-03-22,16
제주 출력제어 실적 안내 [2025년 3월 23일(일)-출력제어 없음],https://www.kpx.or.kr/board.es?mid=a10109050000&bid=0216&act=view&list_no=74656&tag=&nPage=15,2025-03-23,15
제주 출력제어 실적 안내 [2025년 3월 29일(토)-출력제어 없음],https://www.kpx.or.kr/board.es?mid=a10109050000&bid=0216&act=view&list_no=74713&tag=&nPage=15,2025-03-29,15
제주 출력제어 실적 안내 [2025년 3월 6일(목)-출력제어 없음],https://www.kpx.or.kr/board.es?mid=a10109050000&bid=0216&act=view&list_no=74568&tag=&nPage=17,2025-03-06,17
제주 출력제어 실적 안내 [2025년 3월 9일(일)-출력제어 없음],https://www.kpx.or.kr/board.es?mid=a10109050000&bid=0216&act=view&list_no=74582&tag=&nPage=16,2025-03-09,16
제주 출력제어 실적 안내 [2025년 4월 13일(일)-출력제어 없음],https://www.kpx.or.kr/board.es?mid=a10109050000&bid=0216&act=view&list_no=74864&tag=&nPage=12,2025-04-13,12
제주 출력제어 실적 안내 [2025년 5월 4일(일)-출력제어 없음],https://www.kpx.or.kr/board.es?mid=a10109050000&bid=0216&act=view&list_no=75037&tag=&nPage=10,2025-05-04,10
제주 출력제어 전망 안내 [2024년 11월 17일(일)],https://www.kpx.or.kr/board.es?mid=a10109050000&bid=0216&act=view&list_no=73810&tag=&nPage=20,2024-11-17,20
제주 출력제어 전망 안내 [2025년 2월 18일(화)],https://www.kpx.or.kr/board.es?mid=a10109050000&bid=0216&act=view&list_no=74332&tag=&nPage=18,2025-02-18,18
제주 출력제어 전망 안내 [2025년 2월 19일(수)],https://www.kpx.or.kr/board.es?mid=a10109050000&bid=0216&act=view&list_no=74341&tag=&nPage=18,2025-02-19,18
제주 출력제어 전망 안내 [2025년 2월 26일(수)],https://www.kpx.or.kr/board.es?mid=a10109050000&bid=0216&act=view&list_no=74424&tag=&nPage=17,2025-02-26,17
제주 출력제어 전망 안내 [2025년 3월 6일(목)],https://www.kpx.or.kr/board.es?mid=a10109050000&bid=0216&act=view&list_no=74553&tag=&nPage=17,2025-03-06,17
제주 출력제어 전망 안내 [2025년 3월 9일(일)],https://www.kpx.or.kr/board.es?mid=a10109050000&bid=0216&act=view&list_no=74577&tag=&nPage=17,2025-03-09,17
제주 출력제어 전망 안내[2025년 3월 21일(금)],https://www.kpx.or.kr/board.es?mid=a10109050000&bid=0216&act=view&list_no=74642&tag=&nPage=16,2025-03-21,16
제주 출력제어 전망 안내[2025년 3월 22일(토)],https://www.kpx.or.kr/board.es?mid=a10109050000&bid=0216&act=view&list_no=74649&tag=&nPage=16,2025-03-22,16
제주 출력제어 전망 안내[2025년 3월 23일(일)],https://www.kpx.or.kr/board.es?mid=a10109050000&bid=0216&act=view&list_no=74653&tag=&nPage=16,2025-03-23,16
제주 출력제어 전망 안내[2025년 3월 30일(일)],https://www.kpx.or.kr/board.es?mid=a10109050000&bid=0216&act=view&list_no=74712&tag=&nPage=15,2025-03-30,15
제주 출력제어 전망 안내[2025년 4월 13일(일)],https://www.kpx.or.kr/board.es?mid=a10109050000&bid=0216&act=view&list_no=74862&tag=&nPage=12,2025-04-13,12
제주 출력제어 전망 안내[2025년 5월 4일(일)],https://www.kpx.or.kr/board.es?mid=a10109050000&bid=0216&act=view&list_no=75029&tag=&nPage=11,2025-05-04,11
